{"cameraMode":{"drawMode":0,"name":"Shaded","section":"Shading Mode"},"sceneLighting":false,"audioPlay":false,"sceneViewState":{"m_AlwaysRefresh":false,"showFog":true,"showSkybox":false,"showFlares":true,"showImageEffects":true,"showParticleSystems":true,"showVisualEffectGraphs":true,"m_FxEnabled":true},"in2DMode":false,"pivot":{"x":-0.5121039152145386,"y":0.849049985408783,"z":4.865331172943115},"rotation":{"x":0.1111077144742012,"y":-0.009043614380061627,"z":0.0014032385079190136,"w":0.9940820932388306},"size":1.1879740953445435,"orthographic":false}