{"cameraMode":{"drawMode":0,"name":"Shaded","section":"Shading Mode"},"sceneLighting":false,"audioPlay":false,"sceneViewState":{"m_AlwaysRefresh":false,"showFog":true,"showSkybox":false,"showFlares":true,"showImageEffects":true,"showParticleSystems":true,"showVisualEffectGraphs":true,"m_FxEnabled":true},"in2DMode":false,"pivot":{"x":-0.6302444338798523,"y":0.7551358342170715,"z":15.934369087219239},"rotation":{"x":0.15271657705307008,"y":0.02391918934881687,"z":-0.0034965663217008116,"w":0.9882703423500061},"size":1.3106629848480225,"orthographic":false}