{"cameraMode":{"drawMode":0,"name":"Shaded","section":"Shading Mode"},"sceneLighting":true,"audioPlay":false,"sceneViewState":{"m_AlwaysRefresh":false,"showFog":true,"showSkybox":true,"showFlares":true,"showImageEffects":true,"showParticleSystems":true,"showVisualEffectGraphs":true,"m_FxEnabled":true},"in2DMode":false,"pivot":{"x":-1.994269609451294,"y":0.8050410747528076,"z":17.936147689819337},"rotation":{"x":0.12450122833251953,"y":-0.013186875730752945,"z":0.002085150685161352,"w":0.9923775792121887},"size":12.120038032531739,"orthographic":false}