{"cameraMode":{"drawMode":0,"name":"Shaded","section":"Shading Mode"},"sceneLighting":true,"audioPlay":false,"sceneViewState":{"m_AlwaysRefresh":false,"showFog":true,"showSkybox":true,"showFlares":true,"showImageEffects":true,"showParticleSystems":true,"showVisualEffectGraphs":true,"m_FxEnabled":true},"in2DMode":false,"pivot":{"x":-0.9341099858283997,"y":0.18147721886634828,"z":3.939876079559326},"rotation":{"x":0.12213055044412613,"y":0.24764324724674226,"z":-0.03102896735072136,"w":0.960906445980072},"size":1.1562912464141846,"orthographic":false}