{"cameraMode":{"drawMode":0,"name":"Shaded","section":"Shading Mode"},"sceneLighting":true,"audioPlay":false,"sceneViewState":{"m_AlwaysRefresh":false,"showFog":true,"showSkybox":true,"showFlares":true,"showImageEffects":true,"showParticleSystems":true,"showVisualEffectGraphs":true,"m_FxEnabled":true},"in2DMode":false,"pivot":{"x":7.281003475189209,"y":-1.8812967538833619,"z":17.740013122558595},"rotation":{"x":0.08630486577749253,"y":0.23259417712688447,"z":-0.020543232560157777,"w":0.9687601327896118},"size":11.801395416259766,"orthographic":false}