{"cameraMode":{"drawMode":0,"name":"Shaded","section":"Shading Mode"},"sceneLighting":true,"audioPlay":false,"sceneViewState":{"m_AlwaysRefresh":false,"showFog":true,"showSkybox":true,"showFlares":true,"showImageEffects":true,"showParticleSystems":true,"showVisualEffectGraphs":true,"m_FxEnabled":true},"in2DMode":false,"pivot":{"x":0.6016778349876404,"y":1.4726982116699219,"z":26.629547119140626},"rotation":{"x":0.16155841946601869,"y":0.03423948213458061,"z":-0.00540750240907073,"w":0.9865612387657166},"size":2.568962574005127,"orthographic":false}