{"cameraMode":{"drawMode":0,"name":"Shaded","section":"Shading Mode"},"sceneLighting":true,"audioPlay":false,"sceneViewState":{"m_AlwaysRefresh":false,"showFog":true,"showSkybox":true,"showFlares":true,"showImageEffects":true,"showParticleSystems":true,"showVisualEffectGraphs":true,"m_FxEnabled":true},"in2DMode":false,"pivot":{"x":-0.16539111733436585,"y":0.830532968044281,"z":38.96592712402344},"rotation":{"x":-0.19681717455387116,"y":-0.047720469534397128,"z":0.00968917179852724,"w":-0.9794394969940186},"size":0.7786052823066711,"orthographic":false}