{"cameraMode":{"drawMode":0,"name":"Shaded","section":"Shading Mode"},"sceneLighting":true,"audioPlay":false,"sceneViewState":{"m_AlwaysRefresh":false,"showFog":true,"showSkybox":true,"showFlares":true,"showImageEffects":true,"showParticleSystems":true,"showVisualEffectGraphs":true,"m_FxEnabled":true},"in2DMode":false,"pivot":{"x":0.7887139320373535,"y":0.3797195255756378,"z":46.92905044555664},"rotation":{"x":0.22463302314281465,"y":0.16429801285266877,"z":-0.03827463462948799,"w":0.9600871801376343},"size":1.2336068153381348,"orthographic":false}