{"cameraMode":{"drawMode":0,"name":"Shaded","section":"Shading Mode"},"sceneLighting":false,"audioPlay":false,"sceneViewState":{"m_AlwaysRefresh":false,"showFog":true,"showSkybox":false,"showFlares":true,"showImageEffects":true,"showParticleSystems":true,"showVisualEffectGraphs":true,"m_FxEnabled":true},"in2DMode":false,"pivot":{"x":0.22352641820907594,"y":0.31600716710090639,"z":1.0206999778747559},"rotation":{"x":0.18476508557796479,"y":0.07500685751438141,"z":-0.013977623544633389,"w":0.9801353812217712},"size":0.5407821536064148,"orthographic":false}