{"cameraMode":{"drawMode":0,"name":"Shaded","section":"Shading Mode"},"sceneLighting":false,"audioPlay":false,"sceneViewState":{"m_AlwaysRefresh":false,"showFog":true,"showSkybox":false,"showFlares":true,"showImageEffects":true,"showParticleSystems":true,"showVisualEffectGraphs":true,"m_FxEnabled":true},"in2DMode":false,"pivot":{"x":1.0091133117675782,"y":0.8086767792701721,"z":3.4299113750457765},"rotation":{"x":0.05846989527344704,"y":0.10600721836090088,"z":-0.006182601675391197,"w":0.9929436445236206},"size":2.938491106033325,"orthographic":false}