{"cameraMode":{"drawMode":0,"name":"Shaded","section":"Shading Mode"},"sceneLighting":false,"audioPlay":false,"sceneViewState":{"m_AlwaysRefresh":false,"showFog":true,"showSkybox":false,"showFlares":true,"showImageEffects":true,"showParticleSystems":true,"showVisualEffectGraphs":true,"m_FxEnabled":true},"in2DMode":false,"pivot":{"x":0.13510040938854218,"y":0.16321983933448792,"z":1.583823561668396},"rotation":{"x":0.18824006617069245,"y":-0.001277424395084381,"z":0.0004774396657012403,"w":0.9824352860450745},"size":0.7646347880363464,"orthographic":false}