{"cameraMode":{"drawMode":0,"name":"Shaded","section":"Shading Mode"},"sceneLighting":false,"audioPlay":false,"sceneViewState":{"m_AlwaysRefresh":false,"showFog":true,"showSkybox":false,"showFlares":true,"showImageEffects":true,"showParticleSystems":true,"showVisualEffectGraphs":true,"m_FxEnabled":true},"in2DMode":false,"pivot":{"x":0.9228900074958801,"y":0.2474772036075592,"z":4.876421928405762},"rotation":{"x":0.14039835333824159,"y":0.7392428517341614,"z":-0.16242161393165589,"w":0.6387637853622437},"size":0.38667160272598269,"orthographic":false}