{"cameraMode":{"drawMode":0,"name":"Shaded","section":"Shading Mode"},"sceneLighting":false,"audioPlay":false,"sceneViewState":{"m_AlwaysRefresh":false,"showFog":true,"showSkybox":false,"showFlares":true,"showImageEffects":true,"showParticleSystems":true,"showVisualEffectGraphs":true,"m_FxEnabled":true},"in2DMode":false,"pivot":{"x":2.5936343669891359,"y":-0.7721704840660095,"z":3.7289390563964845},"rotation":{"x":0.14527346193790437,"y":0.8058727979660034,"z":-0.22069494426250459,"w":0.5304237604141235},"size":1.7122801542282105,"orthographic":false}