{"cameraMode":{"drawMode":0,"name":"Shaded","section":"Shading Mode"},"sceneLighting":false,"audioPlay":false,"sceneViewState":{"m_AlwaysRefresh":false,"showFog":true,"showSkybox":false,"showFlares":true,"showImageEffects":true,"showParticleSystems":true,"showVisualEffectGraphs":true,"m_FxEnabled":true},"in2DMode":false,"pivot":{"x":2.9141733646392824,"y":-0.5048077702522278,"z":4.348938465118408},"rotation":{"x":0.14039835333824159,"y":0.7392428517341614,"z":-0.16242161393165589,"w":0.6387637853622437},"size":1.4763292074203492,"orthographic":false}