{"cameraMode":{"drawMode":0,"name":"Shaded","section":"Shading Mode"},"sceneLighting":false,"audioPlay":false,"sceneViewState":{"m_AlwaysRefresh":false,"showFog":true,"showSkybox":false,"showFlares":true,"showImageEffects":true,"showParticleSystems":true,"showVisualEffectGraphs":true,"m_FxEnabled":true},"in2DMode":false,"pivot":{"x":0.3558864891529083,"y":-1.6246957778930665,"z":-1.8978958129882813},"rotation":{"x":0.09000901877880097,"y":0.9074236154556274,"z":-0.24995683133602143,"w":0.32654333114624026},"size":3.486827850341797,"orthographic":false}