{"cameraMode":{"drawMode":0,"name":"Shaded","section":"Shading Mode"},"sceneLighting":false,"audioPlay":false,"sceneViewState":{"m_AlwaysRefresh":false,"showFog":true,"showSkybox":false,"showFlares":true,"showImageEffects":true,"showParticleSystems":true,"showVisualEffectGraphs":true,"m_FxEnabled":true},"in2DMode":false,"pivot":{"x":0.922996461391449,"y":0.33007192611694338,"z":0.6393702030181885},"rotation":{"x":0.08500637114048004,"y":0.6156418919563294,"z":-0.06683654338121414,"w":0.7810168266296387},"size":1.323725938796997,"orthographic":false}